source	target	status
Vedio_Analysis/03_Results/Plots/Green_D75_raw_data_segment_03_trajectory.png	Vedio_Analysis/03_Results/Plots/Green_D015_T16.250_L03.071_W09.87_raw_data_segment_03_trajectory.png	success
Vedio_Analysis/03_Results/Plots/Green_D75_raw_data_segment_04_trajectory.png	Vedio_Analysis/03_Results/Plots/Green_D015_T16.250_L03.071_W09.87_raw_data_segment_04_trajectory.png	success
Vedio_Analysis/03_Results/Plots/Green_D75_raw_data_segment_05_trajectory.png	Vedio_Analysis/03_Results/Plots/Green_D015_T16.250_L03.071_W09.87_raw_data_segment_05_trajectory.png	success
Vedio_Analysis/03_Results/Plots/Green_D75_raw_data_segment_06_trajectory.png	Vedio_Analysis/03_Results/Plots/Green_D015_T16.250_L03.071_W09.87_raw_data_segment_06_trajectory.png	success
Vedio_Analysis/03_Results/Plots/Green_D75_raw_data_segment_07_trajectory.png	Vedio_Analysis/03_Results/Plots/Green_D015_T16.250_L03.071_W09.87_raw_data_segment_07_trajectory.png	success
Vedio_Analysis/03_Results/Plots/Green_D75_raw_data_segment_08_trajectory.png	Vedio_Analysis/03_Results/Plots/Green_D015_T16.250_L03.071_W09.87_raw_data_segment_08_trajectory.png	success
Vedio_Analysis/03_Results/Plots/Green_D75_raw_data_segment_09_trajectory.png	Vedio_Analysis/03_Results/Plots/Green_D015_T16.250_L03.071_W09.87_raw_data_segment_09_trajectory.png	success
Vedio_Analysis/03_Results/Plots/Green_D75_raw_data_segment_10_trajectory.png	Vedio_Analysis/03_Results/Plots/Green_D015_T16.250_L03.071_W09.87_raw_data_segment_10_trajectory.png	success
Vedio_Analysis/03_Results/Plots/Green_D75_raw_data_segment_11_trajectory.png	Vedio_Analysis/03_Results/Plots/Green_D015_T16.250_L03.071_W09.87_raw_data_segment_11_trajectory.png	success
Vedio_Analysis/03_Results/Plots/Green_D75_raw_data_segment_12_trajectory.png	Vedio_Analysis/03_Results/Plots/Green_D015_T16.250_L03.071_W09.87_raw_data_segment_12_trajectory.png	success
Vedio_Analysis/03_Results/Plots/Green_D75_raw_data_segment_13_trajectory.png	Vedio_Analysis/03_Results/Plots/Green_D015_T16.250_L03.071_W09.87_raw_data_segment_13_trajectory.png	success
Vedio_Analysis/03_Results/Plots/Green_D75_raw_data_segment_14_trajectory.png	Vedio_Analysis/03_Results/Plots/Green_D015_T16.250_L03.071_W09.87_raw_data_segment_14_trajectory.png	success
Vedio_Analysis/03_Results/Plots/Green_D75_raw_data_segment_15_trajectory.png	Vedio_Analysis/03_Results/Plots/Green_D015_T16.250_L03.071_W09.87_raw_data_segment_15_trajectory.png	success
Vedio_Analysis/03_Results/Plots/Green_D75_raw_data_segment_16_trajectory.png	Vedio_Analysis/03_Results/Plots/Green_D015_T16.250_L03.071_W09.87_raw_data_segment_16_trajectory.png	success
